Employee_ID,Attrition,Attrition_Probability
EMP10000,1,1.0
EMP10001,0,0.471
EMP10002,1,1.0
EMP10003,1,0.843
EMP10004,1,0.843
EMP10005,1,1.0
EMP10006,1,0.843
EMP10007,1,1.0
EMP10008,1,0.828
EMP10009,0,0.471
EMP10010,1,0.241
EMP10011,1,0.843
EMP10012,1,0.828
EMP10013,0,0.471
EMP10014,0,0.471
EMP10015,1,0.828
EMP10016,0,0.471
EMP10017,1,1.0
EMP10018,1,0.828
EMP10019,1,1.0
EMP10020,1,0.828
EMP10021,0,0.686
EMP10022,1,1.0
EMP10023,1,1.0
EMP10024,1,0.828
EMP10025,0,0.686
EMP10026,1,1.0
EMP10027,1,0.828
EMP10028,0,0.471
EMP10029,1,1.0
EMP10030,1,0.924
EMP10031,1,0.471
EMP10032,1,0.4
EMP10033,0,0.692
EMP10034,1,0.828
EMP10035,1,1.0
EMP10036,0,0.471
EMP10037,1,0.241
EMP10038,1,0.929
EMP10039,1,1.0
EMP10040,1,0.889
EMP10041,1,0.471
EMP10042,1,0.924
EMP10043,0,0.471
EMP10044,1,0.692
EMP10045,0,0.241
EMP10046,1,0.828
EMP10047,1,0.828
EMP10048,1,0.567
EMP10049,1,1.0
EMP10050,1,0.843
EMP10051,1,0.843
EMP10052,0,0.667
EMP10053,0,0.471
EMP10054,0,0.471
EMP10055,1,0.828
EMP10056,1,0.471
EMP10057,1,0.471
EMP10058,1,1.0
EMP10059,1,0.828
EMP10060,1,1.0
EMP10061,0,0.471
EMP10062,0,0.471
EMP10063,1,0.692
EMP10064,1,1.0
EMP10065,1,0.843
EMP10066,0,0.471
EMP10067,1,0.241
EMP10068,1,0.924
EMP10069,1,0.828
EMP10070,1,1.0
EMP10071,1,0.828
EMP10072,1,0.889
EMP10073,0,0.692
EMP10074,1,0.828
EMP10075,1,0.692
EMP10076,1,0.471
EMP10077,1,1.0
EMP10078,0,0.924
EMP10079,1,1.0
EMP10080,1,0.471
EMP10081,1,1.0
EMP10082,1,0.924
EMP10083,1,0.924
EMP10084,1,0.843
EMP10085,1,0.843
EMP10086,0,0.471
EMP10087,1,0.241
EMP10088,1,0.471
EMP10089,0,0.471
EMP10090,1,0.843
EMP10091,1,0.828
EMP10092,1,0.843
EMP10093,1,1.0
EMP10094,1,0.567
EMP10095,1,0.924
EMP10096,1,0.471
EMP10097,1,0.843
EMP10098,0,0.241
EMP10099,0,0.567
EMP10100,1,1.0
EMP10101,1,0.471
EMP10102,1,0.924
EMP10103,1,0.567
EMP10104,1,0.686
EMP10105,0,0.0
EMP10106,1,0.828
EMP10107,1,1.0
EMP10108,1,0.889
EMP10109,1,0.929
EMP10110,1,0.929
EMP10111,1,0.471
EMP10112,1,0.924
EMP10113,1,0.828
EMP10114,1,1.0
EMP10115,0,0.924
EMP10116,0,0.471
EMP10117,1,0.692
EMP10118,0,0.686
EMP10119,1,1.0
EMP10120,0,0.667
EMP10121,1,0.924
EMP10122,1,1.0
EMP10123,1,1.0
EMP10124,0,0.0
EMP10125,1,0.667
EMP10126,1,0.924
EMP10127,1,0.828
EMP10128,1,0.924
EMP10129,1,0.692
EMP10130,0,0.471
EMP10131,1,0.828
EMP10132,0,0.471
EMP10133,1,0.471
EMP10134,0,0.692
EMP10135,0,0.828
EMP10136,1,0.828
EMP10137,1,0.686
EMP10138,1,1.0
EMP10139,0,0.567
EMP10140,1,0.471
EMP10141,1,1.0
EMP10142,1,0.924
EMP10143,1,0.471
EMP10144,0,0.4
EMP10145,0,0.471
EMP10146,0,0.567
EMP10147,0,0.471
EMP10148,0,0.471
EMP10149,1,0.567
EMP10150,1,0.667
EMP10151,1,0.828
EMP10152,0,0.686
EMP10153,1,0.843
EMP10154,1,0.471
EMP10155,1,0.924
EMP10156,1,1.0
EMP10157,0,0.241
EMP10158,1,0.828
EMP10159,1,0.924
EMP10160,1,0.843
EMP10161,0,0.843
EMP10162,0,0.667
EMP10163,1,0.843
EMP10164,1,0.686
EMP10165,1,1.0
EMP10166,1,0.828
EMP10167,1,0.843
EMP10168,1,0.843
EMP10169,1,0.241
EMP10170,1,0.929
EMP10171,1,0.471
EMP10172,1,0.692
EMP10173,0,0.692
EMP10174,1,0.924
EMP10175,1,0.828
EMP10176,1,1.0
EMP10177,0,0.4
EMP10178,0,0.686
EMP10179,0,0.843
EMP10180,0,0.471
EMP10181,1,0.843
EMP10182,0,0.828
EMP10183,1,1.0
EMP10184,1,1.0
EMP10185,0,0.471
EMP10186,1,0.471
EMP10187,1,0.692
EMP10188,0,0.843
EMP10189,1,0.471
EMP10190,0,0.471
EMP10191,1,0.692
EMP10192,1,1.0
EMP10193,0,0.667
EMP10194,1,0.828
EMP10195,1,0.889
EMP10196,0,0.471
EMP10197,1,0.6
EMP10198,0,0.843
EMP10199,1,0.924
EMP10200,0,0.241
EMP10201,1,0.924
EMP10202,1,1.0
EMP10203,1,0.924
EMP10204,1,1.0
EMP10205,1,0.828
EMP10206,1,0.4
EMP10207,0,0.471
EMP10208,1,1.0
EMP10209,0,0.471
EMP10210,1,0.828
EMP10211,0,0.471
EMP10212,0,0.929
EMP10213,1,1.0
EMP10214,1,0.471
EMP10215,0,0.692
EMP10216,1,0.828
EMP10217,1,0.471
EMP10218,1,1.0
EMP10219,0,0.828
EMP10220,1,0.471
EMP10221,1,1.0
EMP10222,1,0.667
EMP10223,1,0.924
EMP10224,1,1.0
EMP10225,0,0.924
EMP10226,1,1.0
EMP10227,1,0.471
EMP10228,1,1.0
EMP10229,1,1.0
EMP10230,1,0.889
EMP10231,1,0.692
EMP10232,0,0.471
EMP10233,1,0.686
EMP10234,1,0.471
EMP10235,1,1.0
EMP10236,0,0.828
EMP10237,1,0.333
EMP10238,0,0.6
EMP10239,1,0.843
EMP10240,1,0.889
EMP10241,1,0.828
EMP10242,1,1.0
EMP10243,0,0.924
EMP10244,1,0.828
EMP10245,1,0.828
EMP10246,0,0.241
EMP10247,1,1.0
EMP10248,1,1.0
EMP10249,0,0.567
EMP10250,1,0.471
EMP10251,0,0.471
EMP10252,0,0.889
EMP10253,1,0.929
EMP10254,1,0.471
EMP10255,1,0.843
EMP10256,1,0.333
EMP10257,1,0.567
EMP10258,1,1.0
EMP10259,1,1.0
EMP10260,1,0.924
EMP10261,1,0.843
EMP10262,1,0.828
EMP10263,1,0.667
EMP10264,0,0.241
EMP10265,1,0.843
EMP10266,1,0.471
EMP10267,1,0.924
EMP10268,0,0.471
EMP10269,0,0.567
EMP10270,1,0.843
EMP10271,1,0.241
EMP10272,0,0.241
EMP10273,1,0.924
EMP10274,0,0.828
EMP10275,1,1.0
EMP10276,1,1.0
EMP10277,1,0.828
EMP10278,1,0.667
EMP10279,1,0.828
EMP10280,1,1.0
EMP10281,1,0.924
EMP10282,0,0.4
EMP10283,1,1.0
EMP10284,1,0.828
EMP10285,1,0.828
EMP10286,1,0.828
EMP10287,0,0.241
EMP10288,1,0.924
EMP10289,1,1.0
EMP10290,0,0.686
EMP10291,0,0.471
EMP10292,1,0.828
EMP10293,0,0.471
EMP10294,1,0.828
EMP10295,0,0.471
EMP10296,1,1.0
EMP10297,1,1.0
EMP10298,1,0.924
EMP10299,1,0.692
EMP10300,0,0.843
EMP10301,0,0.828
EMP10302,1,0.667
EMP10303,1,0.6
EMP10304,1,0.929
EMP10305,1,0.843
EMP10306,1,1.0
EMP10307,1,0.889
EMP10308,0,0.686
EMP10309,1,0.686
EMP10310,0,0.471
EMP10311,1,1.0
EMP10312,1,0.567
EMP10313,1,0.471
EMP10314,1,1.0
EMP10315,1,0.828
EMP10316,1,1.0
EMP10317,1,0.889
EMP10318,1,0.843
EMP10319,0,0.567
EMP10320,1,1.0
EMP10321,1,1.0
EMP10322,0,0.843
EMP10323,1,1.0
EMP10324,1,1.0
EMP10325,0,0.4
EMP10326,0,0.471
EMP10327,1,0.843
EMP10328,1,1.0
EMP10329,1,0.889
EMP10330,0,0.828
EMP10331,1,0.843
EMP10332,1,0.471
EMP10333,1,0.843
EMP10334,0,0.471
EMP10335,1,1.0
EMP10336,1,1.0
EMP10337,0,0.471
EMP10338,1,1.0
EMP10339,1,0.828
EMP10340,1,1.0
EMP10341,1,0.471
EMP10342,1,0.471
EMP10343,1,0.924
EMP10344,0,0.667
EMP10345,0,0.828
EMP10346,1,0.692
EMP10347,1,0.567
EMP10348,0,0.241
EMP10349,1,0.924
EMP10350,1,0.924
EMP10351,1,0.828
EMP10352,1,0.241
EMP10353,1,1.0
EMP10354,0,0.828
EMP10355,0,0.692
EMP10356,1,0.843
EMP10357,1,1.0
EMP10358,0,0.471
EMP10359,1,0.843
EMP10360,1,0.471
EMP10361,0,0.471
EMP10362,1,1.0
EMP10363,1,1.0
EMP10364,1,1.0
EMP10365,1,0.828
EMP10366,0,0.828
EMP10367,1,1.0
EMP10368,0,0.471
EMP10369,1,1.0
EMP10370,1,0.686
EMP10371,1,1.0
EMP10372,1,0.924
EMP10373,1,0.924
EMP10374,1,1.0
EMP10375,0,0.4
EMP10376,0,0.692
EMP10377,0,0.924
EMP10378,0,0.843
EMP10379,1,0.843
EMP10380,1,1.0
EMP10381,1,0.567
EMP10382,1,0.686
EMP10383,0,0.686
EMP10384,1,1.0
EMP10385,1,0.924
EMP10386,1,1.0
EMP10387,1,0.828
EMP10388,1,1.0
EMP10389,1,0.686
EMP10390,1,0.567
EMP10391,1,0.828
EMP10392,1,0.667
EMP10393,1,0.471
EMP10394,1,0.924
EMP10395,1,0.828
EMP10396,0,0.241
EMP10397,1,0.843
EMP10398,1,0.241
EMP10399,1,0.667
EMP10400,1,1.0
EMP10401,1,0.924
EMP10402,1,0.686
EMP10403,1,1.0
EMP10404,1,1.0
EMP10405,0,0.471
EMP10406,1,0.692
EMP10407,1,1.0
EMP10408,0,0.692
EMP10409,1,1.0
EMP10410,1,0.843
EMP10411,0,0.4
EMP10412,0,0.471
EMP10413,1,0.667
EMP10414,1,0.471
EMP10415,0,0.828
EMP10416,1,0.241
EMP10417,1,0.924
EMP10418,0,0.567
EMP10419,0,0.471
EMP10420,1,0.6
EMP10421,1,0.924
EMP10422,1,0.667
EMP10423,1,0.4
EMP10424,1,0.843
EMP10425,1,0.471
EMP10426,1,1.0
EMP10427,1,0.843
EMP10428,1,0.828
EMP10429,1,0.686
EMP10430,1,1.0
EMP10431,1,0.828
EMP10432,1,0.828
EMP10433,1,1.0
EMP10434,1,0.828
EMP10435,1,0.471
EMP10436,0,0.567
EMP10437,1,0.471
EMP10438,0,0.828
EMP10439,1,1.0
EMP10440,1,0.843
EMP10441,0,0.0
EMP10442,0,0.241
EMP10443,1,1.0
EMP10444,1,0.692
EMP10445,0,0.828
EMP10446,1,1.0
EMP10447,1,1.0
EMP10448,1,1.0
EMP10449,1,0.828
EMP10450,1,0.843
EMP10451,1,1.0
EMP10452,0,0.471
EMP10453,0,0.828
EMP10454,1,1.0
EMP10455,1,0.924
EMP10456,0,0.667
EMP10457,1,0.828
EMP10458,0,0.4
EMP10459,1,0.692
EMP10460,1,0.843
EMP10461,1,0.924
EMP10462,1,1.0
EMP10463,1,0.686
EMP10464,1,0.241
EMP10465,1,1.0
EMP10466,1,1.0
EMP10467,1,0.828
EMP10468,0,0.924
EMP10469,1,1.0
EMP10470,1,1.0
EMP10471,1,0.471
EMP10472,1,0.828
EMP10473,1,0.686
EMP10474,1,0.828
EMP10475,0,0.241
EMP10476,1,0.828
EMP10477,1,0.567
EMP10478,1,0.471
EMP10479,1,0.828
EMP10480,1,1.0
EMP10481,1,0.686
EMP10482,1,1.0
EMP10483,1,0.828
EMP10484,1,0.471
EMP10485,0,0.471
EMP10486,1,1.0
EMP10487,1,0.667
EMP10488,0,0.471
EMP10489,1,0.828
EMP10490,0,0.471
EMP10491,1,0.667
EMP10492,1,0.471
EMP10493,1,0.929
EMP10494,0,0.471
EMP10495,1,0.686
EMP10496,1,0.843
EMP10497,1,0.471
EMP10498,1,0.924
EMP10499,1,0.692
EMP10500,1,1.0
EMP10501,1,0.828
EMP10502,1,1.0
EMP10503,0,0.924
EMP10504,1,0.828
EMP10505,1,1.0
EMP10506,1,0.843
EMP10507,1,1.0
EMP10508,1,0.471
EMP10509,1,1.0
EMP10510,0,0.6
EMP10511,0,0.828
EMP10512,0,0.471
EMP10513,1,0.828
EMP10514,0,0.471
EMP10515,1,1.0
EMP10516,1,0.692
EMP10517,1,1.0
EMP10518,1,0.241
EMP10519,1,1.0
EMP10520,0,0.471
EMP10521,1,1.0
EMP10522,1,0.843
EMP10523,0,0.241
EMP10524,1,0.471
EMP10525,1,0.686
EMP10526,1,0.828
EMP10527,0,0.471
EMP10528,1,0.828
EMP10529,1,0.828
EMP10530,1,1.0
EMP10531,0,0.686
EMP10532,1,0.567
EMP10533,1,0.471
EMP10534,1,1.0
EMP10535,1,0.686
EMP10536,1,0.241
EMP10537,1,1.0
EMP10538,1,1.0
EMP10539,1,1.0
EMP10540,1,0.843
EMP10541,1,1.0
EMP10542,1,0.692
EMP10543,1,0.924
EMP10544,1,0.924
EMP10545,1,0.924
EMP10546,1,0.828
EMP10547,1,1.0
EMP10548,0,0.828
EMP10549,1,0.471
EMP10550,1,0.843
EMP10551,1,1.0
EMP10552,1,0.686
EMP10553,1,0.889
EMP10554,1,0.471
EMP10555,1,1.0
EMP10556,0,0.241
EMP10557,1,1.0
EMP10558,1,0.692
EMP10559,1,0.471
EMP10560,1,0.828
EMP10561,0,0.828
EMP10562,1,0.843
EMP10563,0,0.6
EMP10564,1,0.471
EMP10565,1,0.241
EMP10566,1,1.0
EMP10567,1,0.924
EMP10568,0,0.241
EMP10569,1,0.471
EMP10570,1,0.471
EMP10571,1,0.471
EMP10572,1,0.471
EMP10573,1,0.471
EMP10574,1,0.692
EMP10575,0,0.692
EMP10576,1,0.843
EMP10577,1,1.0
EMP10578,0,0.471
EMP10579,1,0.924
EMP10580,1,0.471
EMP10581,1,1.0
EMP10582,1,1.0
EMP10583,1,0.828
EMP10584,0,0.471
EMP10585,1,1.0
EMP10586,1,0.667
EMP10587,1,0.828
EMP10588,1,0.828
EMP10589,1,1.0
EMP10590,0,0.828
EMP10591,1,0.471
EMP10592,1,1.0
EMP10593,1,0.828
EMP10594,1,0.828
EMP10595,1,0.929
EMP10596,0,0.241
EMP10597,1,0.843
EMP10598,1,1.0
EMP10599,0,0.471
EMP10600,1,0.828
EMP10601,0,0.471
EMP10602,0,0.828
EMP10603,1,0.924
EMP10604,1,1.0
EMP10605,1,1.0
EMP10606,1,1.0
EMP10607,1,0.889
EMP10608,1,1.0
EMP10609,1,0.667
EMP10610,1,0.924
EMP10611,1,0.471
EMP10612,1,0.929
EMP10613,1,1.0
EMP10614,1,0.924
EMP10615,1,0.686
EMP10616,0,0.241
EMP10617,1,1.0
EMP10618,1,0.471
EMP10619,0,0.471
EMP10620,0,0.828
EMP10621,1,1.0
EMP10622,0,0.471
EMP10623,1,0.686
EMP10624,1,1.0
EMP10625,1,0.471
EMP10626,1,0.471
EMP10627,1,0.924
EMP10628,1,1.0
EMP10629,1,1.0
EMP10630,1,0.828
EMP10631,0,0.686
EMP10632,1,0.889
EMP10633,1,0.471
EMP10634,0,0.4
EMP10635,1,0.333
EMP10636,1,0.471
EMP10637,1,0.567
EMP10638,0,0.828
EMP10639,1,1.0
EMP10640,1,0.924
EMP10641,0,0.843
EMP10642,0,0.567
EMP10643,0,0.241
EMP10644,0,0.567
EMP10645,0,0.686
EMP10646,1,1.0
EMP10647,1,1.0
EMP10648,1,1.0
EMP10649,1,1.0
EMP10650,1,0.828
EMP10651,0,0.828
EMP10652,1,0.692
EMP10653,0,0.843
EMP10654,1,1.0
EMP10655,1,0.843
EMP10656,0,0.567
EMP10657,0,0.843
EMP10658,1,0.6
EMP10659,1,0.924
EMP10660,1,0.471
EMP10661,1,0.471
EMP10662,1,1.0
EMP10663,1,0.929
EMP10664,1,0.686
EMP10665,1,0.471
EMP10666,1,1.0
EMP10667,0,0.686
EMP10668,1,0.692
EMP10669,1,0.4
EMP10670,1,1.0
EMP10671,1,0.828
EMP10672,1,1.0
EMP10673,1,0.843
EMP10674,1,0.828
EMP10675,1,1.0
EMP10676,1,0.843
EMP10677,1,0.471
EMP10678,1,1.0
EMP10679,1,0.828
EMP10680,0,0.924
EMP10681,1,1.0
EMP10682,1,0.924
EMP10683,0,0.471
EMP10684,1,0.828
EMP10685,1,1.0
EMP10686,1,1.0
EMP10687,1,0.889
EMP10688,1,0.686
EMP10689,0,0.471
EMP10690,1,1.0
EMP10691,1,0.567
EMP10692,1,1.0
EMP10693,1,0.667
EMP10694,0,0.471
EMP10695,1,0.686
EMP10696,1,0.843
EMP10697,0,0.4
EMP10698,1,0.889
EMP10699,1,1.0
EMP10700,1,0.686
EMP10701,1,0.471
EMP10702,1,1.0
EMP10703,1,0.889
EMP10704,1,1.0
EMP10705,1,0.567
EMP10706,1,0.471
EMP10707,0,0.471
EMP10708,1,1.0
EMP10709,1,0.828
EMP10710,1,1.0
EMP10711,0,0.471
EMP10712,1,0.471
EMP10713,1,1.0
EMP10714,0,0.241
EMP10715,1,1.0
EMP10716,1,0.471
EMP10717,1,0.471
EMP10718,0,0.471
EMP10719,1,0.924
EMP10720,1,1.0
EMP10721,0,0.241
EMP10722,1,1.0
EMP10723,0,0.686
EMP10724,1,1.0
EMP10725,1,1.0
EMP10726,0,0.241
EMP10727,0,0.686
EMP10728,0,0.828
EMP10729,1,1.0
EMP10730,1,1.0
EMP10731,1,1.0
EMP10732,1,0.686
EMP10733,1,0.924
EMP10734,0,0.567
EMP10735,1,1.0
EMP10736,1,1.0
EMP10737,1,1.0
EMP10738,1,0.843
EMP10739,1,0.667
EMP10740,1,0.692
EMP10741,1,0.924
EMP10742,1,0.686
EMP10743,1,0.471
EMP10744,1,0.686
EMP10745,1,0.6
EMP10746,1,1.0
EMP10747,1,0.828
EMP10748,1,0.471
EMP10749,1,0.567
EMP10750,1,1.0
EMP10751,1,1.0
EMP10752,1,0.686
EMP10753,1,0.924
EMP10754,0,0.686
EMP10755,1,1.0
EMP10756,1,0.692
EMP10757,0,0.471
EMP10758,1,1.0
EMP10759,0,0.924
EMP10760,0,0.6
EMP10761,1,0.692
EMP10762,1,0.6
EMP10763,1,0.843
EMP10764,1,0.924
EMP10765,1,1.0
EMP10766,1,1.0
EMP10767,1,0.567
EMP10768,1,0.828
EMP10769,1,0.843
EMP10770,1,0.828
EMP10771,1,0.843
EMP10772,0,0.471
EMP10773,1,0.889
EMP10774,1,0.924
EMP10775,1,0.843
EMP10776,0,0.828
EMP10777,1,0.828
EMP10778,1,0.828
EMP10779,0,0.471
EMP10780,0,0.929
EMP10781,1,0.686
EMP10782,1,0.924
EMP10783,0,0.471
EMP10784,1,1.0
EMP10785,0,0.241
EMP10786,1,1.0
EMP10787,1,1.0
EMP10788,0,0.924
EMP10789,1,0.567
EMP10790,0,0.686
EMP10791,0,0.471
EMP10792,0,0.471
EMP10793,0,0.567
EMP10794,1,0.471
EMP10795,1,0.686
EMP10796,1,0.567
EMP10797,0,0.686
EMP10798,0,0.0
EMP10799,1,1.0
EMP10800,1,0.828
EMP10801,0,0.0
EMP10802,0,0.471
EMP10803,0,0.241
EMP10804,0,0.241
EMP10805,1,0.843
EMP10806,1,0.471
EMP10807,1,0.843
EMP10808,1,0.471
EMP10809,1,0.889
EMP10810,0,0.241
EMP10811,1,0.567
EMP10812,1,0.924
EMP10813,1,0.828
EMP10814,1,0.843
EMP10815,1,0.828
EMP10816,1,0.471
EMP10817,1,0.828
EMP10818,0,0.567
EMP10819,1,0.843
EMP10820,0,0.843
EMP10821,1,0.471
EMP10822,1,1.0
EMP10823,1,0.843
EMP10824,0,0.471
EMP10825,1,0.567
EMP10826,1,0.828
EMP10827,1,1.0
EMP10828,0,0.692
EMP10829,1,0.843
EMP10830,1,0.471
EMP10831,0,0.686
EMP10832,1,0.929
EMP10833,1,0.667
EMP10834,1,0.843
EMP10835,0,0.471
EMP10836,1,0.471
EMP10837,1,1.0
EMP10838,0,0.828
EMP10839,1,1.0
EMP10840,0,0.471
EMP10841,1,0.4
EMP10842,1,0.924
EMP10843,0,0.692
EMP10844,1,0.843
EMP10845,1,0.924
EMP10846,1,0.929
EMP10847,1,0.828
EMP10848,1,0.843
EMP10849,1,1.0
EMP10850,1,1.0
EMP10851,0,0.471
EMP10852,1,1.0
EMP10853,1,1.0
EMP10854,0,0.471
EMP10855,0,0.471
EMP10856,1,0.843
EMP10857,1,0.843
EMP10858,0,0.686
EMP10859,1,0.924
EMP10860,1,0.929
EMP10861,1,1.0
EMP10862,1,0.828
EMP10863,1,0.828
EMP10864,1,0.667
EMP10865,0,0.471
EMP10866,1,1.0
EMP10867,1,1.0
EMP10868,1,1.0
EMP10869,1,0.843
EMP10870,0,0.241
EMP10871,1,0.828
EMP10872,1,0.692
EMP10873,1,0.924
EMP10874,0,0.4
EMP10875,1,0.843
EMP10876,0,0.0
EMP10877,1,1.0
EMP10878,1,0.828
EMP10879,1,1.0
EMP10880,0,0.4
EMP10881,1,0.471
EMP10882,1,0.471
EMP10883,1,0.843
EMP10884,1,0.471
EMP10885,1,0.692
EMP10886,1,0.843
EMP10887,1,0.924
EMP10888,1,0.843
EMP10889,1,0.843
EMP10890,1,0.471
EMP10891,0,0.471
EMP10892,1,0.843
EMP10893,1,0.471
EMP10894,1,0.471
EMP10895,1,1.0
EMP10896,0,0.4
EMP10897,1,0.828
EMP10898,0,0.692
EMP10899,1,1.0
EMP10900,0,0.828
EMP10901,1,1.0
EMP10902,0,0.471
EMP10903,1,1.0
EMP10904,0,0.241
EMP10905,1,1.0
EMP10906,1,0.843
EMP10907,0,0.828
EMP10908,1,0.924
EMP10909,0,0.4
EMP10910,0,0.471
EMP10911,1,0.692
EMP10912,1,1.0
EMP10913,1,0.471
EMP10914,1,0.692
EMP10915,1,0.567
EMP10916,0,0.924
EMP10917,1,0.471
EMP10918,1,0.828
EMP10919,1,1.0
EMP10920,1,0.924
EMP10921,1,0.924
EMP10922,0,0.667
EMP10923,0,0.471
EMP10924,1,0.471
EMP10925,1,1.0
EMP10926,1,0.843
EMP10927,1,0.241
EMP10928,1,0.929
EMP10929,0,0.6
EMP10930,1,0.471
EMP10931,1,0.843
EMP10932,0,0.241
EMP10933,1,0.924
EMP10934,0,0.686
EMP10935,0,0.471
EMP10936,1,1.0
EMP10937,1,0.843
EMP10938,1,1.0
EMP10939,1,1.0
EMP10940,1,0.692
EMP10941,0,1.0
EMP10942,1,1.0
EMP10943,1,0.924
EMP10944,1,0.843
EMP10945,1,0.843
EMP10946,0,0.471
EMP10947,1,1.0
EMP10948,1,0.828
EMP10949,1,0.241
EMP10950,1,0.6
EMP10951,1,1.0
EMP10952,1,1.0
EMP10953,1,0.471
EMP10954,1,0.692
EMP10955,1,0.828
EMP10956,1,0.692
EMP10957,1,0.471
EMP10958,0,0.828
EMP10959,1,0.828
EMP10960,1,1.0
EMP10961,1,0.828
EMP10962,1,0.567
EMP10963,0,0.686
EMP10964,1,0.471
EMP10965,1,0.471
EMP10966,0,0.471
EMP10967,0,0.241
EMP10968,1,1.0
EMP10969,0,0.471
EMP10970,1,0.828
EMP10971,0,0.4
EMP10972,1,0.843
EMP10973,1,0.686
EMP10974,0,0.567
EMP10975,1,0.924
EMP10976,1,0.843
EMP10977,0,0.241
EMP10978,0,0.471
EMP10979,1,0.924
EMP10980,1,1.0
EMP10981,1,0.924
EMP10982,0,0.471
EMP10983,1,1.0
EMP10984,1,0.924
EMP10985,0,0.471
EMP10986,1,0.471
EMP10987,0,0.471
EMP10988,1,0.686
EMP10989,1,1.0
EMP10990,0,0.828
EMP10991,1,0.924
EMP10992,0,0.567
EMP10993,1,0.924
EMP10994,1,1.0
EMP10995,0,0.567
EMP10996,1,0.828
EMP10997,0,0.667
EMP10998,1,1.0
EMP10999,1,0.924
EMP11000,0,0.692
EMP11001,0,0.471
EMP11002,1,1.0
EMP11003,1,1.0
EMP11004,1,1.0
EMP11005,0,0.4
EMP11006,0,0.471
EMP11007,1,0.471
EMP11008,1,1.0
EMP11009,0,0.828
EMP11010,1,0.924
EMP11011,0,0.471
EMP11012,1,0.929
EMP11013,1,0.843
EMP11014,1,0.924
EMP11015,1,0.843
EMP11016,1,0.843
EMP11017,1,0.929
EMP11018,0,0.471
EMP11019,0,0.471
EMP11020,1,0.667
EMP11021,1,0.828
EMP11022,1,1.0
EMP11023,1,1.0
EMP11024,1,0.828
EMP11025,1,0.686
EMP11026,1,0.667
EMP11027,1,1.0
EMP11028,0,0.241
EMP11029,0,0.471
EMP11030,1,1.0
EMP11031,1,0.843
EMP11032,1,0.889
EMP11033,0,0.843
EMP11034,1,1.0
EMP11035,1,0.4
EMP11036,1,0.686
EMP11037,1,0.471
EMP11038,1,0.692
EMP11039,0,0.924
EMP11040,0,0.692
EMP11041,0,0.471
EMP11042,1,1.0
EMP11043,1,1.0
EMP11044,1,1.0
EMP11045,1,1.0
EMP11046,1,0.843
EMP11047,1,1.0
EMP11048,1,0.843
EMP11049,1,0.567
EMP11050,0,0.471
EMP11051,0,0.471
EMP11052,1,0.828
EMP11053,1,0.828
EMP11054,1,0.828
EMP11055,1,0.471
EMP11056,1,1.0
EMP11057,0,0.889
EMP11058,1,0.924
EMP11059,1,0.924
EMP11060,0,0.828
EMP11061,1,1.0
EMP11062,0,0.686
EMP11063,0,0.828
EMP11064,1,0.567
EMP11065,1,0.828
EMP11066,0,0.4
EMP11067,1,0.924
EMP11068,0,0.924
EMP11069,0,0.828
EMP11070,1,1.0
EMP11071,1,0.471
EMP11072,0,0.843
EMP11073,0,0.843
EMP11074,1,0.929
EMP11075,0,0.471
EMP11076,1,0.471
EMP11077,1,0.471
EMP11078,1,0.843
EMP11079,1,0.924
EMP11080,1,1.0
EMP11081,1,0.924
EMP11082,1,0.924
EMP11083,1,0.828
EMP11084,1,0.333
EMP11085,1,0.6
EMP11086,1,0.889
EMP11087,1,1.0
EMP11088,1,0.843
EMP11089,1,0.924
EMP11090,1,0.6
EMP11091,1,1.0
EMP11092,1,0.843
EMP11093,1,0.828
EMP11094,1,1.0
EMP11095,0,0.471
EMP11096,0,0.471
EMP11097,1,0.471
EMP11098,1,1.0
EMP11099,1,0.828
EMP11100,1,0.471
EMP11101,1,0.686
EMP11102,1,1.0
EMP11103,1,1.0
EMP11104,0,0.667
EMP11105,0,0.692
EMP11106,0,0.4
EMP11107,1,0.241
EMP11108,1,0.843
EMP11109,1,0.924
EMP11110,1,0.889
EMP11111,1,0.6
EMP11112,1,1.0
EMP11113,0,0.471
EMP11114,0,0.471
EMP11115,1,0.471
EMP11116,0,0.4
EMP11117,1,0.471
EMP11118,1,1.0
EMP11119,0,0.471
EMP11120,1,1.0
EMP11121,0,0.471
EMP11122,1,1.0
EMP11123,1,0.241
EMP11124,1,0.828
EMP11125,1,1.0
EMP11126,1,0.686
EMP11127,0,0.828
EMP11128,1,0.667
EMP11129,1,0.843
EMP11130,1,0.6
EMP11131,0,0.667
EMP11132,0,0.471
EMP11133,1,1.0
EMP11134,0,0.471
EMP11135,1,0.828
EMP11136,1,0.828
EMP11137,1,0.667
EMP11138,0,0.4
EMP11139,0,0.471
EMP11140,1,0.686
EMP11141,1,1.0
EMP11142,1,1.0
EMP11143,1,0.924
EMP11144,1,0.828
EMP11145,1,0.828
EMP11146,0,0.471
EMP11147,1,1.0
EMP11148,1,0.241
EMP11149,1,0.924
EMP11150,1,1.0
EMP11151,1,1.0
EMP11152,1,0.471
EMP11153,1,0.686
EMP11154,1,0.567
EMP11155,1,0.843
EMP11156,1,0.692
EMP11157,1,0.667
EMP11158,1,0.828
EMP11159,1,0.471
EMP11160,0,0.692
EMP11161,0,0.241
EMP11162,1,0.4
EMP11163,1,1.0
EMP11164,1,1.0
EMP11165,1,0.924
EMP11166,1,0.471
EMP11167,1,0.471
EMP11168,0,0.667
EMP11169,0,0.471
EMP11170,1,1.0
EMP11171,1,0.471
EMP11172,1,0.828
EMP11173,1,0.686
EMP11174,1,0.828
EMP11175,1,1.0
EMP11176,0,0.471
EMP11177,1,0.924
EMP11178,1,0.471
EMP11179,1,0.828
EMP11180,1,0.686
EMP11181,1,1.0
EMP11182,1,0.0
EMP11183,1,0.828
EMP11184,1,0.667
EMP11185,0,0.471
EMP11186,1,0.843
EMP11187,1,0.6
EMP11188,0,0.471
EMP11189,0,0.4
EMP11190,0,0.924
EMP11191,1,0.828
EMP11192,0,0.241
EMP11193,0,0.692
EMP11194,1,0.692
EMP11195,1,0.471
EMP11196,1,0.471
EMP11197,1,0.843
EMP11198,1,0.828
EMP11199,1,0.924
EMP11200,1,1.0
EMP11201,1,0.924
EMP11202,0,0.828
EMP11203,1,0.686
EMP11204,1,1.0
EMP11205,1,0.692
EMP11206,0,0.843
EMP11207,1,0.924
EMP11208,1,0.929
EMP11209,1,0.471
EMP11210,1,1.0
EMP11211,1,0.6
EMP11212,0,0.471
EMP11213,1,1.0
EMP11214,0,0.692
EMP11215,1,0.692
EMP11216,1,0.843
EMP11217,1,1.0
EMP11218,1,0.828
EMP11219,1,0.828
EMP11220,1,0.686
EMP11221,1,0.828
EMP11222,0,0.471
EMP11223,1,0.241
EMP11224,1,0.6
EMP11225,0,0.843
EMP11226,0,0.241
EMP11227,0,0.889
EMP11228,1,0.843
EMP11229,0,0.471
EMP11230,0,0.471
EMP11231,1,0.924
EMP11232,1,0.692
EMP11233,1,1.0
EMP11234,1,1.0
EMP11235,1,0.686
EMP11236,1,0.924
EMP11237,0,0.471
EMP11238,1,0.924
EMP11239,0,0.471
EMP11240,1,0.686
EMP11241,1,0.4
EMP11242,1,0.828
EMP11243,1,0.667
EMP11244,1,1.0
EMP11245,1,1.0
EMP11246,0,0.686
EMP11247,1,0.828
EMP11248,0,0.241
EMP11249,1,0.667
EMP11250,1,0.667
EMP11251,1,1.0
EMP11252,1,0.471
EMP11253,1,0.828
EMP11254,1,0.828
EMP11255,1,0.567
EMP11256,1,1.0
EMP11257,1,0.843
EMP11258,1,0.241
EMP11259,0,0.241
EMP11260,1,0.924
EMP11261,1,0.471
EMP11262,1,1.0
EMP11263,1,0.471
EMP11264,1,0.4
EMP11265,1,0.471
EMP11266,0,0.241
EMP11267,1,1.0
EMP11268,0,0.843
EMP11269,0,0.828
EMP11270,1,0.843
EMP11271,1,0.686
EMP11272,1,0.929
EMP11273,1,0.924
EMP11274,1,0.567
EMP11275,1,0.471
EMP11276,1,0.471
EMP11277,1,0.471
EMP11278,0,0.471
EMP11279,0,0.471
EMP11280,1,0.692
EMP11281,1,1.0
EMP11282,1,0.471
EMP11283,0,0.471
EMP11284,1,1.0
EMP11285,1,0.843
EMP11286,0,0.471
EMP11287,1,1.0
EMP11288,0,0.6
EMP11289,0,0.6
EMP11290,1,1.0
EMP11291,1,0.471
EMP11292,1,1.0
EMP11293,1,0.241
EMP11294,1,1.0
EMP11295,0,0.471
EMP11296,1,0.924
EMP11297,1,1.0
EMP11298,1,1.0
EMP11299,1,0.686
EMP11300,0,0.4
EMP11301,1,0.686
EMP11302,0,0.4
EMP11303,0,0.667
EMP11304,0,0.241
EMP11305,0,0.471
EMP11306,1,0.692
EMP11307,1,1.0
EMP11308,1,0.843
EMP11309,0,0.471
EMP11310,1,0.929
EMP11311,1,0.471
EMP11312,1,0.686
EMP11313,1,1.0
EMP11314,1,0.843
EMP11315,1,0.828
EMP11316,0,0.471
EMP11317,1,0.843
EMP11318,0,0.828
EMP11319,1,0.471
EMP11320,1,0.567
EMP11321,1,1.0
EMP11322,1,0.828
EMP11323,0,0.828
EMP11324,0,0.471
EMP11325,1,0.471
EMP11326,1,0.924
EMP11327,1,0.924
EMP11328,0,0.828
EMP11329,1,1.0
EMP11330,1,0.828
EMP11331,0,0.471
EMP11332,0,0.241
EMP11333,1,1.0
EMP11334,1,1.0
EMP11335,1,0.471
EMP11336,1,1.0
EMP11337,1,0.828
EMP11338,1,0.471
EMP11339,1,1.0
EMP11340,1,0.471
EMP11341,1,0.843
EMP11342,1,0.843
EMP11343,1,0.828
EMP11344,1,0.828
EMP11345,1,0.567
EMP11346,0,0.471
EMP11347,1,0.667
EMP11348,1,0.686
EMP11349,1,1.0
EMP11350,0,0.889
EMP11351,1,1.0
EMP11352,1,0.889
EMP11353,1,0.828
EMP11354,0,0.471
EMP11355,0,0.0
EMP11356,1,0.924
EMP11357,0,0.924
EMP11358,0,0.4
EMP11359,0,0.471
EMP11360,0,0.828
EMP11361,0,0.471
EMP11362,1,1.0
EMP11363,0,0.567
EMP11364,0,0.471
EMP11365,1,0.843
EMP11366,1,1.0
EMP11367,1,0.471
EMP11368,1,0.471
EMP11369,1,0.686
EMP11370,1,0.471
EMP11371,1,1.0
EMP11372,1,0.924
EMP11373,0,0.4
EMP11374,0,0.667
EMP11375,1,0.929
EMP11376,1,1.0
EMP11377,1,0.843
EMP11378,0,0.828
EMP11379,1,1.0
EMP11380,1,0.924
EMP11381,1,1.0
EMP11382,1,0.843
EMP11383,1,1.0
EMP11384,1,0.241
EMP11385,1,1.0
EMP11386,1,1.0
EMP11387,1,0.471
EMP11388,1,1.0
EMP11389,1,0.471
EMP11390,1,1.0
EMP11391,1,1.0
EMP11392,1,1.0
EMP11393,1,1.0
EMP11394,0,0.567
EMP11395,0,0.241
EMP11396,1,0.686
EMP11397,1,1.0
EMP11398,0,0.828
EMP11399,1,1.0
EMP11400,0,0.471
EMP11401,1,0.924
EMP11402,0,0.471
EMP11403,1,1.0
EMP11404,1,1.0
EMP11405,0,0.6
EMP11406,1,0.692
EMP11407,0,0.471
EMP11408,0,0.667
EMP11409,1,0.471
EMP11410,1,1.0
EMP11411,0,0.471
EMP11412,0,0.924
EMP11413,0,0.692
EMP11414,1,0.889
EMP11415,0,0.843
EMP11416,1,1.0
EMP11417,1,0.686
EMP11418,0,0.333
EMP11419,1,0.6
EMP11420,1,1.0
EMP11421,0,0.843
EMP11422,0,0.828
EMP11423,0,0.471
EMP11424,1,0.828
EMP11425,1,0.828
EMP11426,1,0.241
EMP11427,1,0.828
EMP11428,0,0.471
EMP11429,1,0.567
EMP11430,1,0.924
EMP11431,1,1.0
EMP11432,0,0.241
EMP11433,1,0.828
EMP11434,0,0.471
EMP11435,0,0.4
EMP11436,1,0.828
EMP11437,1,0.828
EMP11438,1,0.667
EMP11439,1,0.692
EMP11440,0,0.924
EMP11441,1,1.0
EMP11442,0,0.241
EMP11443,1,1.0
EMP11444,1,0.692
EMP11445,1,1.0
EMP11446,0,0.692
EMP11447,1,0.828
EMP11448,1,0.471
EMP11449,1,1.0
EMP11450,1,0.929
EMP11451,0,0.471
EMP11452,1,1.0
EMP11453,1,0.241
EMP11454,1,1.0
EMP11455,1,1.0
EMP11456,1,1.0
EMP11457,1,0.889
EMP11458,0,0.471
EMP11459,1,0.828
EMP11460,1,0.924
EMP11461,1,0.686
EMP11462,0,0.471
EMP11463,0,0.471
EMP11464,1,0.889
EMP11465,1,1.0
EMP11466,1,0.924
EMP11467,0,0.471
EMP11468,1,0.828
EMP11469,1,0.843
EMP11470,0,0.843
EMP11471,1,0.692
EMP11472,1,0.686
EMP11473,1,0.929
EMP11474,1,0.843
EMP11475,1,1.0
EMP11476,0,0.241
EMP11477,1,1.0
EMP11478,1,0.929
EMP11479,1,0.889
EMP11480,1,1.0
EMP11481,1,0.924
EMP11482,1,0.4
EMP11483,0,0.929
EMP11484,1,0.686
EMP11485,1,0.924
EMP11486,1,0.667
EMP11487,1,0.828
EMP11488,0,0.471
EMP11489,1,0.686
EMP11490,1,0.828
EMP11491,1,0.471
EMP11492,1,0.471
EMP11493,0,0.471
EMP11494,1,0.667
EMP11495,1,0.828
EMP11496,0,0.471
EMP11497,1,0.843
EMP11498,1,0.924
EMP11499,1,1.0
EMP11500,1,1.0
EMP11501,1,0.686
EMP11502,1,0.241
EMP11503,0,0.843
EMP11504,1,0.4
EMP11505,0,0.471
EMP11506,1,0.686
EMP11507,0,0.6
EMP11508,0,0.667
EMP11509,1,0.924
EMP11510,1,0.843
EMP11511,1,1.0
EMP11512,1,0.567
EMP11513,1,1.0
EMP11514,1,0.567
EMP11515,1,0.4
EMP11516,1,0.686
EMP11517,1,0.471
EMP11518,1,0.924
EMP11519,1,0.828
EMP11520,1,1.0
EMP11521,0,0.567
EMP11522,1,1.0
EMP11523,1,0.6
EMP11524,0,0.567
EMP11525,1,0.924
EMP11526,1,0.667
EMP11527,1,0.686
EMP11528,1,0.471
EMP11529,0,0.241
EMP11530,1,0.924
EMP11531,1,1.0
EMP11532,1,0.924
EMP11533,0,0.4
EMP11534,1,0.924
EMP11535,1,0.924
EMP11536,1,0.924
EMP11537,0,0.924
EMP11538,0,0.828
EMP11539,1,0.843
EMP11540,1,0.828
EMP11541,1,0.6
EMP11542,0,0.692
EMP11543,1,0.686
EMP11544,0,0.929
EMP11545,0,0.567
EMP11546,1,0.686
EMP11547,1,0.843
EMP11548,1,1.0
EMP11549,1,0.686
EMP11550,0,0.843
EMP11551,0,0.4
EMP11552,1,0.843
EMP11553,1,0.471
EMP11554,0,0.471
EMP11555,0,0.828
EMP11556,0,0.471
EMP11557,1,0.843
EMP11558,0,0.929
EMP11559,0,0.567
EMP11560,0,0.692
EMP11561,0,0.692
EMP11562,1,1.0
EMP11563,1,0.843
EMP11564,1,0.828
EMP11565,1,0.471
EMP11566,0,0.828
EMP11567,1,0.692
EMP11568,0,0.924
EMP11569,1,1.0
EMP11570,0,0.686
EMP11571,1,1.0
EMP11572,1,0.828
EMP11573,1,0.692
EMP11574,1,0.929
EMP11575,1,0.686
EMP11576,1,0.843
EMP11577,1,1.0
EMP11578,1,0.828
EMP11579,1,0.924
EMP11580,1,0.471
EMP11581,0,0.667
EMP11582,1,0.692
EMP11583,1,0.924
EMP11584,0,0.667
EMP11585,1,0.828
EMP11586,1,0.471
EMP11587,1,1.0
EMP11588,1,1.0
EMP11589,0,0.241
EMP11590,1,0.924
EMP11591,1,0.686
EMP11592,0,0.471
EMP11593,1,1.0
EMP11594,1,0.924
EMP11595,1,1.0
EMP11596,0,0.471
EMP11597,1,1.0
EMP11598,1,0.567
EMP11599,1,1.0
EMP11600,1,1.0
EMP11601,1,0.828
EMP11602,1,0.686
EMP11603,1,0.828
EMP11604,1,1.0
EMP11605,1,1.0
EMP11606,1,1.0
EMP11607,1,0.843
EMP11608,0,0.471
EMP11609,0,0.6
EMP11610,1,0.843
EMP11611,0,0.471
EMP11612,0,0.692
EMP11613,1,1.0
EMP11614,1,0.843
EMP11615,0,0.241
EMP11616,0,0.471
EMP11617,1,0.471
EMP11618,1,0.567
EMP11619,0,0.471
EMP11620,0,0.0
EMP11621,1,0.843
EMP11622,1,1.0
EMP11623,1,0.471
EMP11624,0,0.471
EMP11625,1,0.929
EMP11626,1,0.692
EMP11627,1,0.828
EMP11628,0,0.828
EMP11629,1,1.0
EMP11630,1,0.889
EMP11631,1,0.828
EMP11632,0,0.843
EMP11633,1,0.828
EMP11634,0,0.828
EMP11635,1,1.0
EMP11636,1,0.843
EMP11637,0,0.471
EMP11638,1,0.889
EMP11639,1,0.828
EMP11640,1,1.0
EMP11641,1,1.0
EMP11642,1,0.686
EMP11643,1,1.0
EMP11644,1,0.686
EMP11645,0,0.692
EMP11646,1,0.686
EMP11647,1,1.0
EMP11648,1,1.0
EMP11649,1,1.0
EMP11650,1,0.828
EMP11651,1,0.692
EMP11652,0,0.4
EMP11653,1,1.0
EMP11654,1,0.843
EMP11655,0,0.471
EMP11656,1,1.0
EMP11657,1,0.828
EMP11658,1,0.686
EMP11659,0,0.667
EMP11660,1,1.0
EMP11661,1,0.692
EMP11662,0,0.241
EMP11663,0,0.471
EMP11664,0,0.471
EMP11665,1,0.471
EMP11666,1,0.471
EMP11667,1,0.924
EMP11668,1,0.924
EMP11669,1,0.667
EMP11670,1,0.828
EMP11671,1,0.686
EMP11672,1,1.0
EMP11673,1,0.828
EMP11674,1,1.0
EMP11675,1,1.0
EMP11676,1,1.0
EMP11677,1,0.889
EMP11678,1,0.924
EMP11679,0,0.241
EMP11680,1,0.843
EMP11681,1,0.567
EMP11682,1,0.471
EMP11683,1,0.843
EMP11684,1,0.471
EMP11685,1,0.843
EMP11686,0,0.924
EMP11687,0,0.828
EMP11688,1,0.843
EMP11689,1,0.471
EMP11690,0,0.686
EMP11691,1,0.924
EMP11692,1,0.843
EMP11693,1,0.471
EMP11694,1,1.0
EMP11695,0,0.241
EMP11696,1,0.686
EMP11697,1,1.0
EMP11698,0,0.667
EMP11699,0,0.471
EMP11700,0,0.924
EMP11701,0,0.567
EMP11702,1,1.0
EMP11703,0,0.692
EMP11704,1,0.471
EMP11705,0,0.471
EMP11706,1,0.828
EMP11707,1,0.686
EMP11708,0,0.6
EMP11709,0,0.471
EMP11710,0,0.924
EMP11711,1,1.0
EMP11712,1,0.828
EMP11713,1,0.828
EMP11714,1,0.843
EMP11715,1,0.567
EMP11716,0,0.667
EMP11717,1,1.0
EMP11718,1,1.0
EMP11719,0,0.471
EMP11720,1,1.0
EMP11721,1,0.843
EMP11722,1,0.929
EMP11723,0,0.6
EMP11724,1,0.828
EMP11725,1,0.667
EMP11726,1,1.0
EMP11727,1,1.0
EMP11728,1,0.471
EMP11729,1,1.0
EMP11730,0,0.4
EMP11731,1,0.686
EMP11732,1,0.924
EMP11733,1,0.843
EMP11734,1,0.929
EMP11735,1,0.843
EMP11736,1,0.686
EMP11737,1,0.843
EMP11738,0,0.241
EMP11739,1,1.0
EMP11740,1,1.0
EMP11741,1,0.924
EMP11742,0,0.567
EMP11743,1,0.843
EMP11744,1,0.924
EMP11745,1,1.0
EMP11746,1,0.567
EMP11747,1,0.4
EMP11748,1,0.828
EMP11749,1,0.471
EMP11750,1,0.828
EMP11751,1,1.0
EMP11752,0,0.828
EMP11753,1,0.567
EMP11754,1,0.667
EMP11755,1,1.0
EMP11756,1,0.667
EMP11757,1,1.0
EMP11758,1,0.929
EMP11759,1,1.0
EMP11760,1,1.0
EMP11761,1,1.0
EMP11762,1,1.0
EMP11763,1,0.667
EMP11764,1,1.0
EMP11765,1,1.0
EMP11766,1,0.828
EMP11767,1,0.686
EMP11768,1,0.471
EMP11769,1,1.0
EMP11770,1,1.0
EMP11771,1,0.828
EMP11772,1,0.929
EMP11773,1,1.0
EMP11774,0,0.471
EMP11775,1,0.471
EMP11776,1,0.241
EMP11777,1,0.843
EMP11778,1,1.0
EMP11779,0,0.471
EMP11780,1,0.241
EMP11781,1,0.924
EMP11782,1,0.471
EMP11783,1,1.0
EMP11784,1,0.471
EMP11785,1,0.686
EMP11786,1,0.828
EMP11787,1,0.843
EMP11788,1,0.929
EMP11789,0,0.471
EMP11790,1,0.471
EMP11791,1,0.828
EMP11792,1,0.471
EMP11793,1,0.6
EMP11794,1,1.0
EMP11795,1,0.843
EMP11796,0,0.843
EMP11797,1,1.0
EMP11798,1,0.692
EMP11799,1,1.0
EMP11800,1,0.828
EMP11801,0,0.471
EMP11802,0,0.471
EMP11803,1,1.0
EMP11804,0,0.471
EMP11805,1,1.0
EMP11806,1,0.924
EMP11807,1,0.667
EMP11808,0,0.471
EMP11809,1,1.0
EMP11810,1,0.6
EMP11811,1,1.0
EMP11812,1,1.0
EMP11813,1,0.924
EMP11814,0,0.471
EMP11815,0,0.567
EMP11816,1,0.924
EMP11817,1,0.924
EMP11818,1,0.4
EMP11819,1,1.0
EMP11820,1,1.0
EMP11821,0,0.692
EMP11822,1,1.0
EMP11823,1,0.828
EMP11824,1,1.0
EMP11825,1,0.471
EMP11826,1,0.828
EMP11827,1,0.471
EMP11828,1,0.924
EMP11829,0,0.567
EMP11830,1,0.828
EMP11831,1,0.567
EMP11832,1,0.471
EMP11833,1,0.828
EMP11834,1,0.471
EMP11835,1,1.0
EMP11836,1,1.0
EMP11837,0,0.567
EMP11838,1,0.924
EMP11839,1,0.471
EMP11840,1,0.828
EMP11841,1,0.567
EMP11842,1,1.0
EMP11843,1,0.843
EMP11844,1,0.471
EMP11845,1,0.828
EMP11846,1,0.929
EMP11847,1,1.0
EMP11848,1,0.843
EMP11849,1,1.0
EMP11850,1,0.471
EMP11851,1,1.0
EMP11852,1,0.843
EMP11853,1,1.0
EMP11854,1,0.686
EMP11855,0,0.567
EMP11856,1,0.828
EMP11857,1,0.924
EMP11858,0,0.686
EMP11859,1,0.686
EMP11860,1,1.0
EMP11861,1,1.0
EMP11862,1,0.828
EMP11863,1,1.0
EMP11864,1,1.0
EMP11865,0,0.924
EMP11866,0,0.929
EMP11867,1,0.6
EMP11868,0,0.567
EMP11869,0,0.471
EMP11870,0,0.471
EMP11871,1,1.0
EMP11872,0,0.4
EMP11873,1,1.0
EMP11874,1,1.0
EMP11875,1,0.4
EMP11876,1,0.843
EMP11877,1,0.828
EMP11878,1,1.0
EMP11879,1,0.4
EMP11880,1,0.6
EMP11881,0,0.471
EMP11882,1,0.471
EMP11883,1,0.828
EMP11884,1,0.828
EMP11885,1,1.0
EMP11886,0,0.843
EMP11887,1,0.471
EMP11888,0,0.471
EMP11889,1,0.828
EMP11890,1,0.471
EMP11891,1,0.471
EMP11892,0,0.686
EMP11893,0,0.924
EMP11894,0,0.843
EMP11895,1,0.686
EMP11896,1,0.692
EMP11897,1,0.471
EMP11898,1,0.471
EMP11899,1,1.0
EMP11900,1,1.0
EMP11901,0,0.333
EMP11902,0,0.929
EMP11903,1,0.843
EMP11904,1,1.0
EMP11905,1,0.843
EMP11906,1,0.843
EMP11907,1,0.6
EMP11908,1,0.843
EMP11909,1,1.0
EMP11910,1,0.924
EMP11911,1,1.0
EMP11912,0,0.4
EMP11913,1,0.929
EMP11914,1,0.843
EMP11915,1,0.692
EMP11916,1,1.0
EMP11917,1,0.471
EMP11918,1,0.843
EMP11919,1,0.924
EMP11920,0,0.471
EMP11921,1,0.471
EMP11922,0,0.241
EMP11923,0,0.686
EMP11924,1,0.686
EMP11925,0,0.4
EMP11926,1,1.0
EMP11927,1,0.924
EMP11928,1,1.0
EMP11929,1,0.843
EMP11930,1,1.0
EMP11931,0,0.471
EMP11932,1,0.924
EMP11933,1,0.828
EMP11934,0,0.686
EMP11935,1,0.924
EMP11936,1,0.4
EMP11937,0,0.471
EMP11938,1,0.471
EMP11939,1,0.828
EMP11940,1,1.0
EMP11941,0,0.471
EMP11942,1,0.241
EMP11943,1,0.686
EMP11944,1,0.828
EMP11945,1,0.828
EMP11946,1,1.0
EMP11947,1,0.924
EMP11948,1,1.0
EMP11949,0,0.471
EMP11950,1,1.0
EMP11951,1,1.0
EMP11952,1,1.0
EMP11953,0,0.471
EMP11954,1,0.828
EMP11955,0,0.471
EMP11956,1,1.0
EMP11957,0,0.241
EMP11958,0,0.241
EMP11959,1,0.471
EMP11960,0,0.843
EMP11961,1,1.0
EMP11962,1,0.567
EMP11963,1,0.686
EMP11964,1,0.4
EMP11965,0,0.929
EMP11966,0,0.4
EMP11967,0,0.471
EMP11968,0,0.471
EMP11969,1,1.0
EMP11970,1,1.0
EMP11971,1,0.828
EMP11972,1,0.828
EMP11973,1,1.0
EMP11974,1,1.0
EMP11975,1,0.828
EMP11976,0,0.471
EMP11977,1,0.828
EMP11978,1,0.828
EMP11979,0,0.567
EMP11980,1,0.889
EMP11981,1,0.567
EMP11982,1,0.471
EMP11983,0,0.4
EMP11984,0,0.471
EMP11985,0,0.471
EMP11986,1,1.0
EMP11987,1,1.0
EMP11988,1,1.0
EMP11989,1,1.0
EMP11990,0,0.924
EMP11991,1,1.0
EMP11992,1,0.924
EMP11993,1,0.567
EMP11994,1,0.567
EMP11995,1,1.0
EMP11996,0,0.471
EMP11997,0,0.471
EMP11998,0,0.471
EMP11999,0,0.828
